Tanggal;Terakhir;Pembukaan;Tertinggi;Terendah;Vol;Perubahan%
29/05/2026;770;795;795;765;152,49M;-3,14%
26/05/2026;795;810;815;790;31,53M;-1,85%
25/05/2026;810;810;820;800;35,73M;1,25%
22/05/2026;800;805;810;790;41,43M;-1,23%
21/05/2026;810;830;840;805;50,68M;-2,41%
20/05/2026;830;830;845;815;60,10M;-0,60%
19/05/2026;835;840;845;820;41,13M;-0,60%
18/05/2026;840;850;850;815;70,06M;-1,18%
13/05/2026;850;865;875;850;57,66M;-2,30%
12/05/2026;870;890;900;855;104,10M;-2,25%
11/05/2026;890;925;935;885;107,45M;-3,26%
08/05/2026;920;900;930;880;140,03M;2,22%
07/05/2026;900;885;905;885;111,63M;4,05%
06/05/2026;865;855;870;855;30,33M;1,76%
05/05/2026;850;865;875;850;48,08M;-1,73%
04/05/2026;865;875;880;855;53,27M;0,00%
30/04/2026;865;880;890;860;55,35M;-1,14%
29/04/2026;875;885;890;870;51,24M;-1,13%
28/04/2026;885;875;885;865;56,89M;1,14%
27/04/2026;875;875;895;860;70,63M;0,00%
24/04/2026;875;910;915;860;96,85M;-3,85%
23/04/2026;910;940;945;905;68,70M;-3,19%
22/04/2026;940;945;950;940;30,44M;0,00%
21/04/2026;940;935;945;935;41,52M;0,53%
20/04/2026;935;965;970;935;66,06M;-2,60%
17/04/2026;960;975;980;960;37,10M;-1,54%
16/04/2026;975;995;1000;975;29,57M;-1,52%
15/04/2026;990;985;1005;980;75,92M;1,02%
14/04/2026;980;995;1000;975;31,07M;0,00%
13/04/2026;980;985;995;975;22,64M;-0,51%
10/04/2026;985;980;1000;970;45,88M;0,51%
09/04/2026;980;980;985;965;28,82M;-0,51%
08/04/2026;985;970;985;955;47,74M;3,68%
07/04/2026;950;960;965;940;28,11M;-1,04%
06/04/2026;960;970;975;955;17,61M;-1,03%
02/04/2026;970;985;990;965;17,97M;-1,02%
01/04/2026;980;990;1000;975;21,83M;1,03%
31/03/2026;970;950;1000;950;69,20M;3,19%
30/03/2026;940;950;955;935;40,69M;-2,08%
27/03/2026;960;985;985;950;38,42M;-2,54%
26/03/2026;985;1000;1005;970;33,14M;-1,01%
25/03/2026;995;1000;1005;980;39,18M;1,02%
17/03/2026;985;990;1020;985;55,95M;1,55%
16/03/2026;970;965;985;960;32,18M;0,52%
13/03/2026;965;1000;1000;965;32,28M;-3,50%
12/03/2026;1000;1000;1020;985;41,17M;0,00%
11/03/2026;1000;1010;1015;995;37,51M;0,00%
10/03/2026;1000;1000;1015;1000;33,21M;0,50%
09/03/2026;995;1000;1005;970;87,46M;-2,93%
06/03/2026;1025;1035;1040;1010;30,08M;-1,44%
05/03/2026;1040;1025;1050;1025;52,40M;2,46%
04/03/2026;1015;1040;1040;1005;71,68M;-1,93%
03/03/2026;1035;1050;1070;1035;66,04M;-1,43%
02/03/2026;1050;1070;1075;1050;52,04M;-4,55%
27/02/2026;1100;1085;1105;1075;36,61M;2,33%
26/02/2026;1075;1115;1115;1075;62,74M;-3,59%
25/02/2026;1115;1075;1115;1070;78,71M;5,19%
24/02/2026;1060;1090;1090;1055;64,92M;-1,85%
23/02/2026;1080;1060;1095;1055;68,61M;2,37%
20/02/2026;1055;1070;1080;1055;72,62M;-2,31%
19/02/2026;1080;1085;1095;1080;24,20M;0,00%
18/02/2026;1080;1090;1090;1075;35,27M;0,00%
13/02/2026;1080;1095;1100;1080;50,57M;-1,82%
12/02/2026;1100;1105;1110;1095;42,55M;-0,45%
11/02/2026;1105;1110;1110;1095;32,64M;-0,45%
10/02/2026;1110;1095;1110;1090;44,58M;0,45%
09/02/2026;1105;1130;1130;1090;33,06M;-1,34%
06/02/2026;1120;1115;1130;1105;33,93M;0,45%
05/02/2026;1115;1140;1160;1115;44,41M;-2,19%
04/02/2026;1140;1160;1160;1135;45,10M;-0,87%
03/02/2026;1150;1145;1170;1125;44,69M;0,88%
02/02/2026;1140;1145;1155;1125;81,33M;-0,44%
30/01/2026;1145;1095;1150;1090;82,36M;5,53%
29/01/2026;1085;1085;1105;1010;90,05M;-1,36%
28/01/2026;1100;1110;1130;1070;84,67M;-3,08%
27/01/2026;1135;1185;1185;1110;111,93M;-3,81%
26/01/2026;1180;1220;1220;1180;54,91M;-3,28%
23/01/2026;1220;1225;1230;1205;40,39M;-0,41%
22/01/2026;1225;1205;1230;1200;68,06M;2,08%
21/01/2026;1200;1195;1200;1180;45,02M;0,84%
20/01/2026;1190;1205;1210;1190;63,11M;-2,06%
19/01/2026;1215;1215;1235;1200;59,03M;0,83%
15/01/2026;1205;1230;1245;1200;62,82M;-2,03%
14/01/2026;1230;1230;1245;1210;45,70M;0,00%
13/01/2026;1230;1230;1230;1210;39,39M;0,82%
12/01/2026;1220;1190;1235;1190;60,84M;2,95%
09/01/2026;1185;1200;1200;1180;19,87M;-0,42%
08/01/2026;1190;1195;1210;1185;40,19M;-0,42%
07/01/2026;1195;1195;1210;1180;66,58M;0,00%
06/01/2026;1195;1225;1225;1195;56,14M;-2,45%
05/01/2026;1225;1215;1240;1205;46,52M;1,66%
02/01/2026;1205;1215;1235;1190;33,53M;0,00%
30/12/2025;1205;1230;1230;1200;29,40M;-2,03%
29/12/2025;1230;1215;1240;1195;45,96M;1,65%
24/12/2025;1210;1195;1230;1195;40,22M;-0,41%
23/12/2025;1215;1215;1220;1195;33,59M;-0,82%
22/12/2025;1225;1210;1225;1200;38,20M;2,08%
19/12/2025;1200;1225;1230;1200;59,20M;-2,04%
18/12/2025;1225;1215;1255;1210;88,74M;0,00%
17/12/2025;1225;1205;1225;1200;67,93M;2,08%
16/12/2025;1200;1225;1225;1175;84,03M;-1,64%
15/12/2025;1220;1175;1230;1165;143,42M;5,17%
12/12/2025;1160;1155;1170;1130;40,49M;2,20%
11/12/2025;1135;1160;1170;1135;61,06M;-3,40%
10/12/2025;1175;1170;1180;1160;76,71M;0,43%
09/12/2025;1170;1200;1200;1155;128,67M;-1,68%
08/12/2025;1190;1175;1195;1160;85,06M;2,59%
05/12/2025;1160;1190;1195;1155;66,76M;-2,52%
04/12/2025;1190;1185;1205;1160;117,89M;1,28%
03/12/2025;1175;1150;1185;1140;159,37M;3,07%
02/12/2025;1140;1200;1205;1115;376,50M;-5,39%
01/12/2025;1205;1200;1220;1190;55,45M;0,42%
28/11/2025;1200;1230;1240;1200;102,88M;-2,04%
27/11/2025;1225;1255;1260;1220;118,87M;-2,39%
26/11/2025;1255;1235;1280;1225;156,91M;2,03%
25/11/2025;1230;1180;1240;1175;382,40M;5,13%
24/11/2025;1170;1200;1220;1170;1,98B;-3,31%
21/11/2025;1210;1200;1230;1190;130,15M;0,00%
20/11/2025;1210;1230;1245;1200;91,58M;-1,63%
19/11/2025;1230;1200;1245;1195;152,79M;4,24%
18/11/2025;1180;1225;1235;1180;127,79M;-3,67%
17/11/2025;1225;1235;1255;1225;50,26M;-0,81%
14/11/2025;1235;1290;1295;1230;80,37M;-3,89%
13/11/2025;1285;1280;1295;1275;36,07M;1,58%
12/11/2025;1265;1285;1310;1265;46,61M;-1,56%
11/11/2025;1285;1290;1290;1250;51,42M;1,18%
10/11/2025;1270;1280;1295;1270;55,43M;0,40%
07/11/2025;1265;1255;1300;1255;103,74M;1,20%
06/11/2025;1250;1295;1310;1250;148,22M;-5,30%
05/11/2025;1320;1225;1320;1215;113,13M;7,76%
04/11/2025;1225;1240;1260;1200;82,25M;-2,00%
03/11/2025;1250;1275;1295;1245;47,09M;-1,96%
31/10/2025;1275;1315;1325;1245;77,52M;-3,04%
30/10/2025;1315;1320;1340;1300;51,26M;-0,75%
29/10/2025;1325;1335;1340;1310;49,67M;-0,38%
28/10/2025;1330;1290;1345;1275;131,08M;4,31%
27/10/2025;1275;1240;1290;1220;147,02M;4,08%
24/10/2025;1225;1185;1285;1185;136,37M;3,38%
23/10/2025;1185;1165;1210;1165;42,04M;0,42%
22/10/2025;1180;1200;1215;1180;47,98M;-3,28%
21/10/2025;1220;1230;1230;1190;61,68M;1,67%
20/10/2025;1200;1200;1225;1165;102,94M;0,84%
17/10/2025;1190;1190;1190;1140;92,12M;0,00%
16/10/2025;1190;1100;1190;1095;144,77M;9,68%
15/10/2025;1085;1065;1090;1055;100,03M;2,84%
14/10/2025;1055;1095;1110;1055;55,48M;-2,76%
13/10/2025;1085;1065;1115;1055;66,54M;0,00%
10/10/2025;1085;1090;1115;1070;58,14M;0,00%
09/10/2025;1085;1065;1090;1065;48,77M;2,36%
08/10/2025;1060;1060;1070;1050;42,76M;0,00%
07/10/2025;1060;1070;1095;1060;77,28M;-0,93%
06/10/2025;1070;1080;1095;1055;89,65M;-0,93%
03/10/2025;1080;1100;1115;1075;64,04M;-1,82%
02/10/2025;1100;1115;1130;1090;52,39M;0,00%
01/10/2025;1100;1135;1140;1100;64,88M;-2,65%
30/09/2025;1130;1130;1130;1110;72,63M;0,89%
29/09/2025;1120;1165;1170;1120;67,02M;-3,86%
26/09/2025;1165;1145;1175;1145;37,09M;1,75%
25/09/2025;1145;1165;1170;1140;67,57M;-1,72%
24/09/2025;1165;1190;1190;1165;45,66M;-2,10%
23/09/2025;1190;1180;1190;1175;45,13M;0,85%
22/09/2025;1180;1180;1190;1165;54,72M;0,00%
19/09/2025;1180;1160;1180;1155;56,16M;1,72%
18/09/2025;1160;1195;1195;1155;42,36M;-2,52%
17/09/2025;1190;1190;1195;1175;33,42M;0,00%
16/09/2025;1190;1180;1190;1165;45,21M;1,28%
15/09/2025;1175;1185;1195;1165;47,78M;-0,42%
12/09/2025;1180;1200;1205;1175;59,78M;-1,67%
11/09/2025;1200;1175;1215;1170;107,86M;3,45%
10/09/2025;1160;1140;1165;1135;63,40M;1,75%
09/09/2025;1140;1145;1160;1115;106,78M;-0,87%
08/09/2025;1150;1185;1195;1150;100,01M;-2,54%
04/09/2025;1180;1200;1205;1170;93,35M;0,00%
03/09/2025;1180;1175;1200;1170;161,02M;1,72%
02/09/2025;1160;1175;1190;1155;92,29M;-1,28%
01/09/2025;1175;1140;1195;1130;163,56M;-3,29%
29/08/2025;1215;1255;1265;1215;114,24M;-4,33%
28/08/2025;1270;1305;1315;1270;64,08M;-1,55%
27/08/2025;1290;1275;1320;1275;91,19M;0,00%
26/08/2025;1290;1300;1310;1265;226,64M;-0,77%
25/08/2025;1300;1360;1365;1300;55,26M;-4,06%
22/08/2025;1355;1395;1410;1335;84,42M;-3,90%
21/08/2025;1410;1400;1415;1390;25,08M;0,71%
20/08/2025;1400;1365;1405;1350;61,84M;2,56%
19/08/2025;1365;1375;1390;1365;47,23M;-1,44%
15/08/2025;1385;1420;1425;1385;63,20M;-3,48%
14/08/2025;1435;1400;1450;1385;105,07M;2,50%
13/08/2025;1400;1380;1410;1380;58,06M;1,45%
12/08/2025;1380;1360;1395;1355;39,29M;0,73%
11/08/2025;1370;1375;1385;1350;48,98M;-0,36%
08/08/2025;1375;1390;1390;1350;31,29M;-0,36%
07/08/2025;1380;1395;1400;1365;30,44M;-1,08%
06/08/2025;1395;1420;1435;1395;27,89M;-1,41%
05/08/2025;1415;1415;1430;1400;15,90M;0,00%
04/08/2025;1415;1430;1435;1390;43,96M;-1,05%
01/08/2025;1430;1430;1435;1405;77,41M;0,00%
31/07/2025;1430;1480;1480;1430;36,99M;-3,70%
30/07/2025;1485;1490;1510;1475;18,01M;-0,34%
29/07/2025;1490;1480;1505;1465;21,65M;1,02%
28/07/2025;1475;1485;1500;1460;16,11M;-0,67%
25/07/2025;1485;1505;1505;1475;29,35M;-1,66%
24/07/2025;1510;1495;1510;1475;36,11M;1,00%
23/07/2025;1495;1475;1495;1445;12,42M;2,40%
22/07/2025;1460;1500;1505;1460;16,43M;-2,99%
21/07/2025;1505;1520;1520;1475;20,59M;-0,33%
18/07/2025;1510;1515;1560;1500;26,73M;0,33%
17/07/2025;1505;1520;1525;1495;16,51M;-0,33%
16/07/2025;1510;1540;1540;1510;15,52M;-1,31%
15/07/2025;1530;1560;1560;1510;16,55M;-1,92%
14/07/2025;1560;1590;1590;1510;40,88M;-2,19%
11/07/2025;1595;1505;1595;1490;32,42M;5,98%
10/07/2025;1505;1510;1515;1495;17,07M;-0,33%
09/07/2025;1510;1500;1525;1475;65,33M;0,67%
08/07/2025;1500;1490;1500;1470;17,53M;0,00%
07/07/2025;1500;1515;1515;1480;18,14M;-0,99%
04/07/2025;1515;1560;1565;1515;8,13M;-2,88%
03/07/2025;1560;1515;1560;1510;17,69M;3,31%
02/07/2025;1510;1515;1525;1470;32,19M;-0,66%
01/07/2025;1520;1510;1530;1500;19,24M;-0,33%
30/06/2025;1525;1570;1570;1500;45,07M;0,66%
26/06/2025;1515;1525;1525;1460;30,15M;-1,62%
25/06/2025;1540;1540;1540;1450;23,01M;3,01%
24/06/2025;1495;1450;1510;1450;37,33M;4,55%
23/06/2025;1430;1500;1500;1415;44,39M;-4,67%
20/06/2025;1500;1510;1530;1485;62,57M;-0,99%
19/06/2025;1515;1550;1555;1510;29,50M;-2,26%
18/06/2025;1550;1570;1580;1530;29,41M;-2,82%
17/06/2025;1595;1520;1595;1505;26,00M;4,25%
16/06/2025;1530;1525;1545;1510;27,36M;0,00%
13/06/2025;1530;1530;1555;1510;78,87M;-0,33%
12/06/2025;1535;1540;1550;1525;31,89M;-0,32%
11/06/2025;1540;1580;1580;1525;38,33M;-2,53%
10/06/2025;1580;1595;1595;1550;40,63M;-1,25%
05/06/2025;1600;1595;1600;1545;34,65M;0,00%
04/06/2025;1600;1550;1600;1525;55,36M;3,23%
03/06/2025;1550;1560;1585;1530;41,51M;-0,64%
02/06/2025;1560;1480;1565;1475;62,51M;2,97%
28/05/2025;1515;1570;1570;1495;162,56M;-3,50%
27/05/2025;1570;1540;1570;1525;46,62M;3,29%
26/05/2025;1520;1475;1535;1470;44,93M;4,11%
23/05/2025;1460;1450;1475;1420;68,32M;1,39%
22/05/2025;1440;1520;1525;1440;72,14M;-5,88%
21/05/2025;1530;1540;1565;1505;41,06M;2,00%
20/05/2025;1500;1485;1540;1480;42,54M;3,09%
19/05/2025;1455;1500;1505;1455;34,07M;-3,32%
16/05/2025;1505;1550;1550;1485;32,92M;-1,31%
15/05/2025;1525;1480;1525;1465;52,01M;3,04%
14/05/2025;1480;1450;1510;1440;50,69M;2,07%
09/05/2025;1450;1450;1455;1420;32,10M;0,69%
08/05/2025;1440;1410;1440;1360;51,96M;2,49%
07/05/2025;1405;1430;1440;1385;40,72M;-0,35%
06/05/2025;1410;1395;1430;1360;39,51M;1,44%
05/05/2025;1390;1320;1420;1320;53,74M;5,70%
02/05/2025;1315;1340;1355;1315;28,58M;-3,66%
30/04/2025;1365;1265;1375;1265;80,08M;8,33%
29/04/2025;1260;1270;1280;1260;18,82M;0,00%
28/04/2025;1260;1250;1290;1235;35,81M;1,61%
25/04/2025;1240;1265;1270;1235;34,27M;-1,98%
24/04/2025;1265;1295;1300;1230;43,00M;-1,17%
23/04/2025;1280;1215;1280;1215;57,92M;6,67%
22/04/2025;1200;1220;1225;1185;36,43M;-2,04%
21/04/2025;1225;1200;1225;1180;27,31M;2,08%
17/04/2025;1200;1255;1260;1185;43,56M;-4,38%
16/04/2025;1255;1200;1255;1200;36,83M;5,02%
15/04/2025;1195;1240;1245;1165;62,26M;-3,63%
14/04/2025;1240;1200;1240;1190;62,71M;5,08%
11/04/2025;1180;1145;1190;1140;48,93M;3,06%
10/04/2025;1145;1125;1150;1110;59,92M;3,62%
09/04/2025;1105;1050;1120;1050;57,27M;4,74%
08/04/2025;1055;1025;1055;990;79,02M;-7,05%
27/03/2025;1135;1100;1135;1085;49,33M;3,18%
26/03/2025;1100;1125;1125;1095;56,23M;-3,08%
25/03/2025;1135;1115;1145;1105;51,45M;2,71%
24/03/2025;1105;1110;1120;1085;37,71M;-1,34%
21/03/2025;1120;1085;1125;1065;100,62M;2,75%
20/03/2025;1090;1030;1090;1030;54,99M;5,83%
19/03/2025;1030;1020;1035;1010;77,68M;1,48%
18/03/2025;1015;1065;1065;985;65,90M;-4,25%
17/03/2025;1060;1055;1065;1045;36,82M;0,95%
14/03/2025;1050;1085;1085;1040;38,55M;-3,23%
13/03/2025;1085;1070;1085;1055;48,44M;1,40%
12/03/2025;1070;1070;1085;1060;61,16M;0,94%
11/03/2025;1060;1060;1070;1050;49,71M;-1,85%
10/03/2025;1080;1150;1150;1080;64,82M;-6,90%
07/03/2025;1160;1150;1160;1130;70,17M;0,87%
06/03/2025;1150;1105;1160;1100;94,42M;5,50%
05/03/2025;1090;1110;1115;1070;68,13M;-1,80%
04/03/2025;1110;1110;1130;1090;61,80M;0,00%
03/03/2025;1110;1120;1125;1095;69,02M;2,78%
28/02/2025;1080;1150;1155;1065;120,32M;-5,26%
27/02/2025;1140;1195;1210;1125;45,99M;-3,80%
26/02/2025;1185;1170;1195;1170;34,12M;2,16%
25/02/2025;1160;1205;1210;1155;29,00M;-4,13%
24/02/2025;1210;1220;1230;1200;29,05M;-0,82%
21/02/2025;1220;1210;1235;1210;44,74M;0,83%
20/02/2025;1210;1245;1250;1200;41,53M;-2,02%
19/02/2025;1235;1295;1300;1230;43,14M;-4,63%
18/02/2025;1295;1290;1305;1275;29,47M;0,78%
17/02/2025;1285;1290;1295;1275;11,68M;-0,39%
14/02/2025;1290;1290;1300;1280;30,72M;0,00%
13/02/2025;1290;1285;1310;1275;23,38M;0,39%
12/02/2025;1285;1255;1290;1255;23,97M;2,80%
11/02/2025;1250;1320;1325;1250;34,74M;-5,30%
10/02/2025;1320;1265;1330;1240;47,23M;4,35%
07/02/2025;1265;1310;1325;1245;51,94M;-2,69%
06/02/2025;1300;1230;1300;1230;50,75M;7,44%
05/02/2025;1210;1235;1250;1210;35,25M;-3,20%
04/02/2025;1250;1230;1265;1225;27,75M;4,17%
03/02/2025;1200;1255;1265;1185;27,74M;-5,14%
31/01/2025;1265;1240;1265;1240;15,69M;2,43%
30/01/2025;1235;1220;1240;1195;28,41M;1,23%
24/01/2025;1220;1250;1255;1220;21,58M;-1,21%
23/01/2025;1235;1260;1265;1235;16,20M;-1,98%
22/01/2025;1260;1240;1260;1235;31,46M;1,61%
21/01/2025;1240;1225;1245;1220;39,34M;1,64%
20/01/2025;1220;1225;1235;1215;17,22M;-0,41%
17/01/2025;1225;1240;1240;1210;28,92M;-0,81%
16/01/2025;1235;1260;1265;1235;26,98M;-1,59%
15/01/2025;1255;1245;1270;1245;27,37M;2,45%
14/01/2025;1225;1265;1270;1225;25,57M;-3,16%
13/01/2025;1265;1260;1280;1245;28,55M;0,40%
10/01/2025;1260;1270;1270;1245;34,37M;-0,79%
09/01/2025;1270;1275;1285;1255;19,04M;-0,39%
08/01/2025;1275;1300;1310;1270;32,64M;-1,16%
07/01/2025;1290;1280;1315;1280;19,46M;0,78%
06/01/2025;1280;1330;1340;1280;22,17M;-3,40%
03/01/2025;1325;1345;1360;1315;25,50M;-1,12%
02/01/2025;1340;1370;1375;1340;14,75M;-1,47%
30/12/2024;1360;1360;1390;1340;43,20M;0,37%
27/12/2024;1355;1400;1405;1335;38,83M;-3,21%
24/12/2024;1400;1330;1405;1305;21,05M;5,26%
23/12/2024;1330;1280;1330;1265;44,24M;4,31%
20/12/2024;1275;1310;1325;1245;116,32M;-3,41%
19/12/2024;1320;1375;1375;1290;53,63M;-4,35%
18/12/2024;1380;1420;1430;1355;32,06M;-1,43%
17/12/2024;1400;1440;1445;1380;20,72M;-2,78%
16/12/2024;1440;1445;1450;1420;38,74M;-0,35%
13/12/2024;1445;1460;1465;1430;30,60M;-0,69%
12/12/2024;1455;1505;1520;1430;47,34M;-3,32%
11/12/2024;1505;1505;1525;1495;27,06M;0,00%
10/12/2024;1505;1490;1505;1470;30,93M;1,35%
09/12/2024;1485;1480;1510;1475;36,92M;1,37%
06/12/2024;1465;1505;1505;1465;31,35M;-2,66%
05/12/2024;1505;1485;1505;1475;27,92M;1,35%
04/12/2024;1485;1485;1500;1475;39,81M;0,34%
03/12/2024;1480;1475;1490;1455;27,01M;0,34%
02/12/2024;1475;1495;1505;1475;23,69M;-1,67%
29/11/2024;1500;1500;1530;1500;26,94M;0,33%
28/11/2024;1495;1500;1520;1485;31,49M;1,01%
26/11/2024;1480;1520;1540;1480;27,44M;-1,33%
25/11/2024;1500;1500;1525;1485;260,64M;2,04%
22/11/2024;1470;1455;1490;1450;21,93M;1,38%
21/11/2024;1450;1475;1530;1445;45,07M;-1,02%
20/11/2024;1465;1430;1480;1430;29,23M;2,81%
19/11/2024;1425;1435;1455;1425;31,00M;-0,70%
18/11/2024;1435;1415;1435;1415;33,79M;1,06%
15/11/2024;1420;1435;1455;1420;42,31M;-2,07%
14/11/2024;1450;1485;1490;1450;45,39M;-3,33%
13/11/2024;1500;1500;1515;1480;21,33M;0,00%
12/11/2024;1500;1500;1520;1490;34,35M;-0,66%
11/11/2024;1510;1540;1545;1485;47,39M;-1,95%
08/11/2024;1540;1570;1575;1530;32,73M;-1,91%
07/11/2024;1570;1590;1605;1570;32,00M;-1,26%
06/11/2024;1590;1615;1615;1585;35,56M;-0,63%
05/11/2024;1600;1605;1620;1590;27,95M;0,63%
04/11/2024;1590;1580;1610;1575;30,37M;1,27%
01/11/2024;1570;1610;1615;1560;47,18M;-2,79%
31/10/2024;1615;1605;1630;1590;32,90M;0,62%
30/10/2024;1605;1615;1615;1575;35,37M;-0,62%
29/10/2024;1615;1640;1645;1600;24,62M;-0,92%
28/10/2024;1630;1625;1640;1610;21,95M;0,62%
25/10/2024;1620;1655;1655;1620;24,17M;-1,52%
24/10/2024;1645;1675;1675;1640;14,52M;-1,79%
23/10/2024;1675;1680;1690;1660;17,97M;-0,30%
22/10/2024;1680;1670;1710;1660;39,53M;1,20%
21/10/2024;1660;1715;1720;1660;28,49M;-3,21%
18/10/2024;1715;1700;1715;1680;26,15M;1,48%
17/10/2024;1690;1730;1735;1690;30,03M;-2,31%
16/10/2024;1730;1770;1770;1725;23,66M;-1,14%
15/10/2024;1750;1715;1755;1715;40,20M;2,04%
14/10/2024;1715;1720;1740;1695;14,66M;-0,29%
11/10/2024;1720;1680;1720;1655;21,20M;4,24%
10/10/2024;1650;1665;1675;1620;20,15M;-1,20%
09/10/2024;1670;1695;1695;1655;22,13M;-1,76%
08/10/2024;1700;1730;1730;1675;29,45M;-1,73%
07/10/2024;1730;1730;1745;1720;15,63M;-0,57%
04/10/2024;1740;1740;1745;1725;23,89M;0,00%
03/10/2024;1740;1725;1745;1720;29,34M;0,87%
02/10/2024;1725;1720;1730;1710;34,29M;-0,86%
01/10/2024;1740;1725;1750;1715;17,78M;0,87%
30/09/2024;1725;1750;1750;1715;32,21M;-0,58%
27/09/2024;1735;1750;1750;1720;26,17M;-0,29%
26/09/2024;1740;1755;1755;1730;43,18M;0,00%
25/09/2024;1740;1760;1760;1715;43,95M;-0,29%
24/09/2024;1745;1730;1755;1705;50,07M;0,58%
23/09/2024;1735;1745;1765;1725;26,81M;0,87%
20/09/2024;1720;1730;1750;1700;53,86M;-0,58%
19/09/2024;1730;1765;1765;1725;36,03M;-1,14%
18/09/2024;1750;1705;1750;1705;17,77M;2,64%
17/09/2024;1705;1710;1730;1705;11,30M;0,00%
13/09/2024;1705;1735;1735;1700;26,36M;-2,01%
12/09/2024;1740;1710;1755;1710;22,78M;1,16%
11/09/2024;1720;1735;1750;1705;12,87M;-1,15%
10/09/2024;1740;1775;1785;1730;37,85M;0,00%
09/09/2024;1740;1710;1755;1710;32,32M;1,75%
06/09/2024;1710;1690;1790;1690;38,82M;1,18%
05/09/2024;1690;1730;1760;1690;29,70M;-2,31%
04/09/2024;1730;1695;1740;1680;18,22M;2,98%
03/09/2024;1680;1680;1705;1645;27,75M;0,00%
02/09/2024;1680;1650;1695;1650;19,75M;1,82%
30/08/2024;1650;1700;1700;1635;76,27M;-2,94%
29/08/2024;1700;1750;1750;1695;18,40M;-1,45%
28/08/2024;1725;1770;1795;1725;29,15M;-0,86%
27/08/2024;1740;1730;1765;1715;41,88M;0,58%
26/08/2024;1730;1705;1750;1705;36,33M;0,58%
23/08/2024;1720;1750;1750;1705;14,71M;-0,29%
22/08/2024;1725;1710;1750;1705;39,39M;-0,29%
21/08/2024;1730;1745;1750;1710;27,47M;1,76%
20/08/2024;1700;1625;1720;1620;48,15M;5,59%
19/08/2024;1610;1630;1655;1600;36,97M;-2,42%
16/08/2024;1650;1690;1690;1640;20,88M;-1,20%
15/08/2024;1670;1670;1680;1645;33,44M;-0,60%
14/08/2024;1680;1660;1690;1655;85,48M;0,90%
13/08/2024;1665;1680;1680;1655;23,66M;-0,30%
12/08/2024;1670;1670;1680;1650;24,93M;0,30%
09/08/2024;1665;1660;1685;1655;28,73M;0,60%
08/08/2024;1655;1645;1680;1645;39,55M;0,30%
07/08/2024;1650;1635;1660;1635;18,67M;0,30%
06/08/2024;1645;1650;1660;1625;34,24M;0,92%
05/08/2024;1630;1620;1635;1600;18,93M;-0,61%
02/08/2024;1640;1650;1650;1615;30,86M;-0,61%
01/08/2024;1650;1590;1670;1590;68,48M;3,77%
31/07/2024;1590;1570;1610;1560;39,83M;1,60%
30/07/2024;1565;1570;1570;1540;18,29M;0,32%
29/07/2024;1560;1575;1575;1545;34,37M;-0,95%
26/07/2024;1575;1600;1600;1570;27,22M;-0,94%
25/07/2024;1590;1580;1595;1555;18,44M;0,95%
24/07/2024;1575;1580;1585;1565;15,33M;0,00%
23/07/2024;1575;1565;1590;1565;14,51M;0,00%
22/07/2024;1575;1600;1600;1565;16,84M;0,00%
19/07/2024;1575;1555;1600;1555;49,56M;0,32%
18/07/2024;1570;1550;1585;1550;27,28M;0,00%
17/07/2024;1570;1585;1590;1550;42,54M;0,32%
16/07/2024;1565;1575;1575;1560;47,37M;0,32%
15/07/2024;1560;1565;1570;1555;17,23M;0,00%
12/07/2024;1560;1580;1590;1555;32,82M;-0,32%
11/07/2024;1565;1540;1570;1530;21,35M;2,29%
10/07/2024;1530;1550;1550;1525;9,72M;-1,29%
09/07/2024;1550;1560;1570;1550;31,78M;-0,64%
08/07/2024;1560;1505;1560;1500;47,10M;4,70%
05/07/2024;1490;1475;1525;1465;17,28M;1,36%
04/07/2024;1470;1455;1485;1445;20,83M;1,03%
03/07/2024;1455;1450;1465;1435;29,73M;1,04%
02/07/2024;1440;1505;1510;1430;62,38M;-4,32%
01/07/2024;1505;1540;1545;1505;19,43M;-1,31%
28/06/2024;1525;1525;1550;1525;25,77M;-0,97%
27/06/2024;1540;1545;1555;1530;16,63M;0,33%
26/06/2024;1535;1525;1540;1520;11,75M;0,66%
25/06/2024;1525;1545;1545;1520;18,02M;-1,61%
24/06/2024;1550;1565;1570;1545;38,79M;-1,27%
21/06/2024;1570;1560;1595;1560;46,91M;0,64%
20/06/2024;1560;1560;1580;1535;16,42M;0,32%
19/06/2024;1555;1575;1595;1530;24,32M;-0,64%
14/06/2024;1565;1565;1600;1560;19,62M;0,00%
13/06/2024;1565;1565;1595;1555;24,31M;0,00%
12/06/2024;1565;1590;1590;1545;10,93M;0,64%
11/06/2024;1555;1590;1605;1555;26,35M;-2,51%
10/06/2024;1595;1605;1620;1585;36,53M;-0,31%
07/06/2024;1600;1575;1615;1565;68,42M;1,59%
06/06/2024;1575;1570;1595;1550;69,32M;1,61%
05/06/2024;1550;1575;1575;1530;77,07M;0,65%
04/06/2024;1540;1535;1565;1525;30,50M;1,32%
03/06/2024;1520;1475;1540;1475;28,09M;2,01%
31/05/2024;1490;1545;1545;1490;117,69M;-1,97%
30/05/2024;1520;1525;1555;1495;30,14M;0,33%
29/05/2024;1515;1530;1535;1480;29,14M;-2,26%
28/05/2024;1550;1560;1575;1540;27,88M;-0,96%
27/05/2024;1565;1560;1580;1530;48,75M;0,32%
22/05/2024;1560;1530;1575;1510;55,92M;3,65%
21/05/2024;1505;1535;1535;1490;47,21M;-1,63%
20/05/2024;1530;1505;1530;1505;23,93M;2,00%
17/05/2024;1500;1450;1530;1450;53,35M;3,81%
16/05/2024;1445;1445;1450;1435;36,92M;0,00%
15/05/2024;1445;1420;1465;1415;36,43M;2,48%
14/05/2024;1410;1430;1445;1405;36,32M;-1,05%
13/05/2024;1425;1430;1440;1405;37,88M;0,35%
08/05/2024;1420;1455;1465;1415;48,39M;-1,73%
07/05/2024;1445;1450;1465;1440;31,04M;-0,69%
06/05/2024;1455;1535;1535;1440;29,18M;-2,35%
03/05/2024;1490;1505;1515;1460;24,97M;0,00%
02/05/2024;1490;1490;1510;1455;58,96M;2,41%
30/04/2024;1455;1410;1495;1405;51,23M;3,56%
29/04/2024;1405;1425;1440;1395;49,32M;0,00%
26/04/2024;1405;1450;1450;1405;17,00M;-1,75%
25/04/2024;1430;1420;1460;1410;20,18M;1,78%
24/04/2024;1405;1415;1420;1395;18,85M;-1,40%
23/04/2024;1425;1420;1440;1400;14,09M;1,42%
22/04/2024;1405;1410;1420;1385;19,47M;0,36%
19/04/2024;1400;1420;1420;1375;21,85M;-1,06%
18/04/2024;1415;1465;1465;1410;25,35M;-2,75%
17/04/2024;1455;1475;1525;1450;24,63M;0,34%
16/04/2024;1450;1510;1510;1440;47,73M;-2,03%
05/04/2024;1480;1500;1500;1480;5,65M;-1,33%
04/04/2024;1500;1505;1505;1480;13,03M;0,00%
03/04/2024;1500;1480;1510;1460;38,92M;1,69%
02/04/2024;1475;1475;1475;1435;46,02M;0,68%
01/04/2024;1465;1480;1480;1450;30,52M;-0,68%
28/03/2024;1475;1475;1485;1450;30,18M;1,03%
27/03/2024;1460;1515;1515;1460;20,49M;-2,99%
26/03/2024;1505;1520;1535;1500;32,68M;-0,99%
25/03/2024;1520;1485;1520;1485;22,18M;2,36%
22/03/2024;1485;1485;1515;1475;23,37M;1,71%
21/03/2024;1460;1485;1510;1460;42,42M;-1,35%
20/03/2024;1480;1420;1480;1420;25,87M;4,59%
19/03/2024;1415;1420;1440;1415;40,80M;0,00%
18/03/2024;1415;1430;1440;1415;32,14M;-1,05%
15/03/2024;1430;1425;1445;1405;159,38M;-0,35%
14/03/2024;1435;1430;1445;1420;26,35M;0,70%
13/03/2024;1425;1460;1470;1425;35,37M;-1,04%
08/03/2024;1440;1465;1470;1440;40,73M;-1,71%
07/03/2024;1465;1490;1500;1465;22,14M;-2,33%
06/03/2024;1500;1485;1500;1485;11,29M;1,01%
05/03/2024;1485;1490;1510;1485;18,81M;-1,00%
04/03/2024;1500;1490;1505;1470;42,94M;0,67%
01/03/2024;1490;1485;1495;1470;31,15M;0,00%
29/02/2024;1490;1455;1490;1445;61,50M;2,41%
28/02/2024;1455;1460;1465;1450;11,32M;-0,34%
27/02/2024;1460;1470;1470;1445;23,17M;-0,68%
26/02/2024;1470;1470;1480;1445;72,83M;-0,34%
23/02/2024;1475;1485;1485;1455;36,34M;-0,67%
22/02/2024;1485;1490;1490;1460;26,67M;-0,34%
21/02/2024;1490;1500;1500;1470;34,47M;-0,67%
20/02/2024;1500;1470;1515;1470;42,40M;2,04%
19/02/2024;1470;1485;1490;1455;48,62M;-1,01%
16/02/2024;1485;1455;1495;1430;88,43M;2,06%
15/02/2024;1455;1500;1510;1455;46,62M;-1,69%
13/02/2024;1480;1490;1510;1480;44,53M;-0,67%
12/02/2024;1490;1505;1515;1485;32,03M;-0,67%
07/02/2024;1500;1545;1555;1500;42,75M;-2,91%
06/02/2024;1545;1545;1550;1510;46,06M;0,00%
05/02/2024;1545;1540;1555;1510;40,44M;0,32%
02/02/2024;1540;1510;1540;1495;43,35M;1,99%
01/02/2024;1510;1510;1515;1475;93,33M;0,00%
31/01/2024;1510;1500;1530;1495;49,47M;0,00%
30/01/2024;1510;1495;1515;1475;37,02M;0,00%
29/01/2024;1510;1540;1540;1475;65,90M;-1,95%
26/01/2024;1540;1575;1575;1530;18,47M;-2,22%
25/01/2024;1575;1600;1600;1575;13,34M;-1,25%
24/01/2024;1595;1555;1595;1550;19,23M;2,57%
23/01/2024;1555;1555;1560;1525;63,57M;0,00%
22/01/2024;1555;1555;1565;1530;38,13M;0,00%
19/01/2024;1555;1580;1580;1555;21,48M;-1,58%
18/01/2024;1580;1570;1590;1555;58,90M;0,00%
17/01/2024;1580;1585;1600;1555;186,92M;-0,32%
16/01/2024;1585;1590;1610;1580;29,06M;-0,31%
15/01/2024;1590;1595;1595;1580;20,95M;-0,31%
12/01/2024;1595;1585;1600;1565;69,33M;0,00%
11/01/2024;1595;1590;1600;1565;36,57M;0,95%
10/01/2024;1580;1590;1595;1580;26,14M;-0,63%
09/01/2024;1590;1590;1595;1560;82,11M;0,00%
08/01/2024;1590;1580;1600;1555;132,83M;0,63%
05/01/2024;1580;1600;1605;1580;35,26M;-0,63%
04/01/2024;1590;1605;1620;1590;24,58M;-0,93%
03/01/2024;1605;1620;1620;1595;11,02M;-0,93%
02/01/2024;1620;1610;1620;1600;9,43M;0,62%
29/12/2023;1610;1625;1630;1600;9,76M;-0,62%
28/12/2023;1620;1620;1625;1605;12,13M;0,00%
27/12/2023;1620;1600;1630;1580;20,28M;2,21%
22/12/2023;1585;1605;1620;1585;24,33M;-0,94%
21/12/2023;1600;1615;1620;1595;15,97M;-0,93%
20/12/2023;1615;1670;1670;1610;23,73M;-2,71%
19/12/2023;1660;1620;1665;1600;39,06M;2,79%
18/12/2023;1615;1610;1620;1590;33,86M;0,94%
15/12/2023;1600;1555;1620;1555;124,24M;0,00%
14/12/2023;1600;1615;1620;1595;59,55M;-0,62%
13/12/2023;1610;1610;1610;1575;58,99M;0,00%
12/12/2023;1610;1630;1635;1600;13,68M;-1,23%
11/12/2023;1630;1645;1645;1605;24,84M;-0,91%
08/12/2023;1645;1670;1680;1620;21,42M;-1,50%
07/12/2023;1670;1700;1725;1650;28,22M;-1,76%
06/12/2023;1700;1680;1735;1675;34,55M;2,41%
05/12/2023;1660;1645;1680;1620;21,34M;1,22%
04/12/2023;1640;1665;1670;1635;16,29M;-1,50%
01/12/2023;1665;1610;1695;1605;37,09M;3,10%
30/11/2023;1615;1600;1650;1585;138,93M;0,62%
29/11/2023;1605;1610;1635;1600;22,56M;0,00%
28/11/2023;1605;1625;1640;1600;48,17M;-1,23%
27/11/2023;1625;1605;1640;1595;25,62M;1,88%
24/11/2023;1595;1640;1650;1590;28,22M;-2,74%
23/11/2023;1640;1645;1675;1635;22,42M;-0,30%
22/11/2023;1645;1620;1680;1620;28,70M;2,49%
21/11/2023;1605;1615;1620;1595;30,53M;-1,23%
20/11/2023;1625;1615;1630;1600;23,03M;0,31%
17/11/2023;1620;1605;1620;1585;43,67M;0,31%
16/11/2023;1615;1610;1615;1580;55,80M;0,31%
15/11/2023;1610;1615;1625;1590;30,93M;0,31%
14/11/2023;1605;1590;1620;1560;24,22M;0,31%
13/11/2023;1600;1605;1635;1595;16,89M;0,63%
10/11/2023;1590;1620;1625;1585;16,70M;-1,85%
09/11/2023;1620;1615;1645;1615;14,24M;0,31%
08/11/2023;1615;1610;1615;1585;21,36M;0,62%
07/11/2023;1605;1610;1625;1595;28,24M;-0,62%
06/11/2023;1615;1595;1635;1590;22,50M;1,57%
03/11/2023;1590;1595;1620;1570;32,63M;-0,31%
02/11/2023;1595;1605;1690;1580;61,59M;-0,62%
01/11/2023;1605;1670;1670;1550;90,23M;-5,03%
31/10/2023;1690;1705;1750;1585;84,59M;-0,88%
30/10/2023;1705;1750;1760;1690;24,52M;-2,85%
27/10/2023;1755;1775;1775;1750;16,70M;0,29%
26/10/2023;1750;1760;1775;1750;14,36M;-0,57%
25/10/2023;1760;1830;1830;1760;25,91M;-3,56%
24/10/2023;1825;1770;1865;1770;32,87M;3,11%
23/10/2023;1770;1780;1790;1760;14,04M;0,00%
20/10/2023;1770;1800;1830;1760;25,33M;-1,67%
19/10/2023;1800;1805;1810;1775;30,15M;-0,28%
18/10/2023;1805;1825;1830;1805;12,20M;-1,10%
17/10/2023;1825;1770;1870;1770;38,13M;3,69%
16/10/2023;1760;1765;1775;1755;9,55M;0,57%
13/10/2023;1750;1730;1765;1730;11,07M;0,57%
12/10/2023;1740;1750;1760;1740;15,54M;-0,57%
11/10/2023;1750;1770;1770;1745;21,44M;-0,28%
10/10/2023;1755;1780;1795;1755;18,39M;-1,40%
09/10/2023;1780;1825;1830;1780;19,02M;-3,00%
06/10/2023;1835;1840;1860;1835;23,32M;0,00%
05/10/2023;1835;1780;1860;1770;32,08M;3,97%
04/10/2023;1765;1770;1785;1740;28,84M;-1,67%
03/10/2023;1795;1785;1800;1760;17,68M;0,56%
02/10/2023;1785;1750;1795;1750;23,83M;1,71%
29/09/2023;1755;1755;1775;1745;22,70M;0,00%
27/09/2023;1755;1805;1805;1750;18,24M;-2,77%
26/09/2023;1805;1780;1810;1780;18,37M;1,69%
25/09/2023;1775;1785;1810;1775;21,23M;-0,28%
22/09/2023;1780;1815;1820;1780;23,99M;-1,93%
21/09/2023;1815;1750;1815;1740;32,63M;3,71%
20/09/2023;1750;1790;1795;1750;41,15M;-2,23%
19/09/2023;1790;1820;1820;1780;30,10M;-1,38%
18/09/2023;1815;1765;1840;1765;29,28M;2,83%
15/09/2023;1765;1765;1800;1755;64,23M;-1,12%
14/09/2023;1785;1785;1825;1775;35,13M;0,00%
13/09/2023;1785;1820;1820;1760;40,50M;-1,92%
12/09/2023;1820;1855;1865;1805;41,06M;-2,15%
11/09/2023;1860;1720;1860;1720;58,54M;8,14%
08/09/2023;1720;1700;1720;1660;55,67M;0,88%
07/09/2023;1705;1735;1740;1670;59,12M;-2,01%
06/09/2023;1740;1760;1765;1735;29,73M;-1,69%
05/09/2023;1770;1785;1785;1755;26,05M;-0,84%
04/09/2023;1785;1775;1820;1740;33,78M;0,56%
01/09/2023;1775;1820;1820;1760;25,90M;-2,20%
31/08/2023;1815;1840;1840;1815;48,82M;-1,63%
30/08/2023;1845;1860;1870;1830;18,65M;-0,81%
29/08/2023;1860;1815;1875;1805;29,40M;3,05%
28/08/2023;1805;1815;1825;1805;13,54M;-0,28%
25/08/2023;1810;1820;1820;1800;16,35M;0,00%
24/08/2023;1810;1810;1825;1805;28,28M;0,00%
23/08/2023;1810;1850;1855;1810;34,97M;-2,43%
22/08/2023;1855;1830;1855;1825;14,61M;0,54%
21/08/2023;1845;1845;1860;1830;12,79M;0,00%
18/08/2023;1845;1870;1870;1840;50,35M;-1,34%
16/08/2023;1870;1850;1870;1835;25,07M;1,08%
15/08/2023;1850;1865;1875;1845;23,62M;0,00%
14/08/2023;1850;1855;1855;1815;36,80M;0,00%
11/08/2023;1850;1840;1855;1830;16,67M;0,27%
10/08/2023;1845;1875;1875;1825;31,69M;-1,60%
09/08/2023;1875;1855;1875;1855;17,22M;1,08%
08/08/2023;1855;1845;1875;1845;27,24M;0,27%
07/08/2023;1850;1905;1905;1850;38,13M;-1,33%
04/08/2023;1875;1885;1895;1860;17,97M;-0,53%
03/08/2023;1885;1820;1895;1810;40,14M;5,01%
02/08/2023;1795;1805;1810;1770;91,49M;-0,55%
01/08/2023;1805;1900;1910;1795;125,53M;-5,74%
31/07/2023;1915;1915;1935;1885;70,53M;0,26%
28/07/2023;1910;1905;1925;1895;44,61M;0,26%
27/07/2023;1905;1920;1925;1905;62,63M;-1,55%
26/07/2023;1935;1970;1970;1925;25,48M;-1,53%
25/07/2023;1965;1960;1965;1940;40,69M;-0,25%
24/07/2023;1970;1970;1985;1960;24,37M;0,00%
21/07/2023;1970;1950;1970;1925;42,96M;1,03%
20/07/2023;1950;1990;2000;1950;79,63M;-2,50%
18/07/2023;2000;2040;2040;1980;74,34M;-0,99%
17/07/2023;2020;2070;2090;2020;39,94M;-2,42%
14/07/2023;2070;2040;2090;2030;29,29M;2,48%
13/07/2023;2020;2000;2060;2000;37,41M;1,00%
12/07/2023;2000;2020;2030;1995;40,08M;-1,48%
11/07/2023;2030;2000;2030;1995;28,82M;1,50%
10/07/2023;2000;1990;2020;1990;32,14M;0,50%
07/07/2023;1990;1990;1995;1975;39,36M;0,00%
06/07/2023;1990;2000;2010;1985;39,24M;-1,00%
05/07/2023;2010;1985;2030;1985;51,04M;1,26%
04/07/2023;1985;2020;2030;1965;75,42M;-1,73%
03/07/2023;2020;2050;2060;2020;63,54M;-1,46%
27/06/2023;2050;2040;2060;2040;34,96M;-0,97%
26/06/2023;2070;2060;2070;2040;12,74M;0,98%
23/06/2023;2050;2020;2060;2000;29,12M;1,49%
22/06/2023;2020;2060;2060;2020;45,70M;-1,46%
21/06/2023;2050;2080;2080;2050;19,16M;-0,97%
20/06/2023;2070;2070;2080;2050;18,37M;0,00%
19/06/2023;2070;2060;2080;2050;12,62M;-1,43%
16/06/2023;2100;2070;2100;2040;56,62M;0,96%
15/06/2023;2080;2050;2080;2030;22,59M;1,46%
14/06/2023;2050;2080;2080;2040;26,52M;-1,44%
13/06/2023;2080;2060;2080;2030;22,48M;0,97%
12/06/2023;2060;2070;2070;2030;22,30M;0,49%
09/06/2023;2050;2040;2070;2020;34,44M;0,49%
08/06/2023;2040;2050;2070;2030;17,27M;-0,49%
07/06/2023;2050;2030;2050;2000;54,16M;0,49%
06/06/2023;2040;2050;2070;1920;71,09M;-0,49%
05/06/2023;2050;2070;2090;2030;72,50M;0,99%
31/05/2023;2030;2070;2100;2030;146,60M;-1,93%
30/05/2023;2070;2110;2130;2070;24,33M;-1,90%
29/05/2023;2110;2050;2110;2050;28,73M;2,93%
26/05/2023;2050;2050;2080;2040;23,34M;0,00%
25/05/2023;2050;2040;2080;2040;23,08M;0,49%
24/05/2023;2040;2090;2120;2040;49,20M;-3,77%
23/05/2023;2120;2110;2160;2100;31,62M;-0,47%
22/05/2023;2130;2170;2180;2120;20,19M;-1,84%
19/05/2023;2170;2160;2170;2070;25,62M;0,46%
17/05/2023;2160;2190;2190;2130;17,46M;-1,82%
16/05/2023;2200;2140;2200;2120;22,82M;2,80%
15/05/2023;2140;2110;2140;2100;17,51M;1,42%
12/05/2023;2110;2090;2120;2070;15,86M;-0,94%
11/05/2023;2130;2070;2130;2060;45,80M;3,40%
10/05/2023;2060;2060;2110;2060;19,91M;0,00%
09/05/2023;2060;2080;2100;2060;14,35M;-1,90%
08/05/2023;2100;2150;2150;2070;31,55M;-2,33%
05/05/2023;2150;2090;2150;2070;17,51M;2,87%
04/05/2023;2090;2060;2090;2040;23,82M;1,46%
03/05/2023;2060;2060;2060;2020;59,49M;-0,48%
02/05/2023;2070;2120;2120;2030;48,84M;-2,36%
28/04/2023;2120;2120;2130;2060;26,54M;0,00%
27/04/2023;2120;2080;2120;2070;16,36M;1,92%
26/04/2023;2080;2040;2090;2020;77,84M;0,97%
18/04/2023;2060;2030;2080;2030;25,08M;0,98%
17/04/2023;2040;2070;2090;2030;43,71M;-0,97%
14/04/2023;2060;2040;2080;2040;25,07M;1,48%
13/04/2023;2030;2060;2060;2030;38,07M;-0,49%
12/04/2023;2040;2060;2060;2020;31,71M;-1,45%
11/04/2023;2070;2070;2080;2050;12,61M;0,00%
10/04/2023;2070;2050;2070;2030;10,80M;0,98%
06/04/2023;2050;2100;2100;2050;16,19M;-1,91%
05/04/2023;2090;2110;2150;2090;22,17M;-0,48%
04/04/2023;2100;2080;2130;2070;33,33M;0,96%
03/04/2023;2080;2100;2100;2040;36,70M;-0,95%
31/03/2023;2100;2160;2170;2090;41,51M;-3,23%
30/03/2023;2170;2200;2210;2140;21,15M;-1,36%
29/03/2023;2200;2190;2220;2150;27,06M;2,33%
28/03/2023;2150;2130;2190;2120;27,97M;2,38%
27/03/2023;2100;2160;2160;2090;18,01M;-1,41%
24/03/2023;2130;2350;2350;2130;47,38M;-3,62%
21/03/2023;2210;2160;2210;2130;24,29M;1,84%
20/03/2023;2170;2220;2220;2130;14,43M;-2,25%
17/03/2023;2220;2150;2220;2150;68,37M;4,23%
16/03/2023;2130;2080;2150;2080;20,05M;2,90%
15/03/2023;2070;2090;2120;2070;19,99M;-0,96%
14/03/2023;2090;2110;2120;2070;19,35M;-0,95%
13/03/2023;2110;2050;2110;2050;19,19M;2,43%
10/03/2023;2060;2080;2090;2050;21,64M;-0,96%
09/03/2023;2080;2100;2100;2080;16,29M;-0,95%
08/03/2023;2100;2080;2120;2050;18,53M;0,96%
07/03/2023;2080;2100;2110;2060;21,86M;-1,42%
06/03/2023;2110;2080;2120;2070;27,32M;2,43%
03/03/2023;2060;2100;2120;2040;39,61M;-1,90%
02/03/2023;2100;2120;2130;2100;15,27M;-0,47%
01/03/2023;2110;2100;2140;2090;13,97M;0,00%
28/02/2023;2110;2170;2180;2110;92,21M;-2,76%
27/02/2023;2170;2240;2240;2120;36,28M;-4,41%
24/02/2023;2270;2170;2270;2150;28,19M;4,13%
23/02/2023;2180;2150;2180;2030;56,21M;0,93%
22/02/2023;2160;2280;2280;2130;59,88M;-5,68%
21/02/2023;2290;2300;2310;2260;12,84M;-0,43%
20/02/2023;2300;2260;2300;2250;18,26M;2,22%
17/02/2023;2250;2280;2330;2240;18,29M;-1,75%
16/02/2023;2290;2290;2310;2280;10,57M;-0,87%
15/02/2023;2310;2300;2320;2270;24,75M;-0,86%
14/02/2023;2330;2230;2350;2200;29,57M;4,48%
13/02/2023;2230;2360;2360;2230;23,58M;-5,51%
10/02/2023;2360;2250;2360;2210;30,43M;4,89%
09/02/2023;2250;2250;2270;2190;17,26M;0,00%
08/02/2023;2250;2180;2270;2180;24,58M;1,81%
07/02/2023;2210;2170;2250;2140;18,13M;1,84%
06/02/2023;2170;2150;2190;2110;23,46M;-0,46%
03/02/2023;2180;2200;2270;2170;21,98M;-0,91%
02/02/2023;2200;2100;2200;2080;55,27M;5,77%
01/02/2023;2080;2060;2090;2060;23,34M;0,97%
31/01/2023;2060;2150;2160;2050;57,12M;-4,19%
30/01/2023;2150;2050;2150;2020;33,64M;4,88%
27/01/2023;2050;2040;2060;2030;17,67M;0,49%
26/01/2023;2040;2050;2060;2020;20,38M;-0,49%
25/01/2023;2050;2060;2080;2030;11,16M;-0,49%
24/01/2023;2060;2040;2080;2030;11,90M;0,00%
20/01/2023;2060;2100;2100;2060;10,74M;-1,90%
19/01/2023;2100;2070;2100;2050;11,12M;0,48%
18/01/2023;2090;2080;2090;2030;25,47M;0,97%
17/01/2023;2070;2060;2090;2050;19,59M;0,49%
16/01/2023;2060;2050;2060;2020;23,13M;0,49%
13/01/2023;2050;2030;2060;2000;27,37M;1,49%
12/01/2023;2020;2030;2050;2020;22,12M;-0,98%
11/01/2023;2040;2050;2070;2020;26,54M;-0,49%
10/01/2023;2050;2100;2110;2040;17,72M;-2,38%
09/01/2023;2100;2070;2100;2040;16,26M;2,44%
06/01/2023;2050;2050;2070;2020;24,69M;-0,97%
05/01/2023;2070;2090;2110;2040;24,36M;-0,96%
04/01/2023;2090;2120;2140;2080;18,20M;-1,42%
03/01/2023;2120;2050;2140;2050;9,28M;2,91%
02/01/2023;2060;2090;2110;2060;2,89M;-1,44%
