Tanggal;Terakhir;Pembukaan;Tertinggi;Terendah;Volume;Perubahan%
09/02/2026;3180;3190;3450;3030;1860000;4,95%
06/02/2026;3030;2680;3230;2670;2240000;13,91%
05/02/2026;2660;2930;2930;2520;669600;-9,52%
04/02/2026;2940;2820;3500;2820;3500000;5,00%
03/02/2026;2800;2600;2800;2570;901300;25,00%
02/02/2026;2240;2230;2240;1780;495200;24,79%
30/01/2026;1795;1825;1860;1780;238300;0,00%
29/01/2026;1795;2070;2430;1780;895100;-14,11%
28/01/2026;2090;2120;2290;2090;92800;-14,69%
27/01/2026;2450;2670;2670;2260;184000;-6,84%
26/01/2026;2630;2750;2890;2600;240700;-4,36%
23/01/2026;2750;2690;3260;2620;1450000;4,96%
22/01/2026;2620;2970;3000;2580;183200;-11,78%
21/01/2026;2970;3130;3170;2910;250900;-0,67%
20/01/2026;2990;3050;3200;2990;569100;-1,97%
19/01/2026;3050;3380;3400;2880;1460000;-9,76%
15/01/2026;3380;3950;4010;3210;2890000;5,30%
14/01/2026;3210;3010;3210;3010;387700;24,90%
13/01/2026;2570;2100;2570;2060;1630000;24,76%
12/01/2026;2060;2060;2060;1665;1350000;24,85%
09/01/2026;1650;1550;1650;1540;1240000;25,00%
08/01/2026;1320;1300;1330;1300;127000;1,54%
07/01/2026;1300;1495;1495;1295;916700;-13,62%
06/01/2026;1505;1480;1520;1480;313800;2,38%
05/01/2026;1470;1445;1535;1440;319700;1,73%
02/01/2026;1445;1370;1445;1370;365800;5,47%
30/12/2025;1370;1385;1385;1340;150800;2,24%
29/12/2025;1340;1455;1455;1310;331000;-2,90%
24/12/2025;1380;1350;1610;1215;1020000;6,98%
23/12/2025;1290;1295;1295;1245;74400;-0,39%
22/12/2025;1295;1315;1315;1285;18200;-1,52%
19/12/2025;1315;1320;1350;1280;47100;-0,38%
18/12/2025;1320;1355;1355;1310;38100;-2,22%
17/12/2025;1350;1345;1410;1320;39300;0,37%
16/12/2025;1345;1390;1400;1345;23300;2,28%
15/12/2025;1315;1380;1385;1300;123900;-5,05%
12/12/2025;1385;1390;1420;1360;134100;-0,72%
11/12/2025;1395;1395;1405;1350;62800;0,00%
10/12/2025;1395;1420;1420;1385;85700;-1,76%
09/12/2025;1420;1415;1475;1405;200100;0,00%
08/12/2025;1420;1450;1450;1400;154100;-2,07%
05/12/2025;1450;1500;1500;1400;137200;-3,01%
04/12/2025;1495;1405;1610;1400;454200;6,79%
03/12/2025;1400;1335;1495;1300;241600;4,87%
02/12/2025;1335;1375;1375;1300;87400;-3,61%
01/12/2025;1385;1465;1465;1375;90400;-5,46%
28/11/2025;1465;1525;1550;1450;80800;-3,30%
27/11/2025;1515;1545;1625;1400;281300;-2,26%
26/11/2025;1550;1600;1895;1500;530100;-2,82%
25/11/2025;1595;1930;2250;1585;2310000;-14,25%
24/11/2025;1860;1860;1860;1860;194800;9,73%
21/11/2025;1695;1695;1695;1695;190700;9,71%
20/11/2025;1545;1505;1545;1505;168000;9,96%
19/11/2025;1405;1490;1500;1395;194000;-6,02%
18/11/2025;1495;1660;1660;1495;206000;-9,94%
17/11/2025;1660;1660;1660;1660;32200;-9,78%
14/11/2025;1840;1840;1840;1840;95800;-9,80%
28/10/2025;2040;1930;2040;1925;708700;24,77%
24/10/2025;1635;1425;1635;1425;525900;24,81%
23/10/2025;1310;1100;1310;1100;476100;24,76%
22/10/2025;1050;1170;1170;1050;123600;-10,26%
21/10/2025;1170;1195;1195;1025;108700;-2,09%
20/10/2025;1195;1215;1250;1130;89800;-1,65%
17/10/2025;1215;1185;1285;1110;312400;2,53%
16/10/2025;1185;1280;1375;1080;666500;-6,32%
15/10/2025;1265;1265;1265;1155;685700;24,63%
14/10/2025;1015;865;1015;865;89800;24,54%
13/10/2025;815;800;850;790;141200;3,16%
10/10/2025;790;795;795;790;4600;0,00%
09/10/2025;790;800;800;790;3500;-1,25%
08/10/2025;800;800;800;795;900;1,27%
07/10/2025;790;795;800;790;18200;0,64%
06/10/2025;785;795;800;770;10900;-1,26%
03/10/2025;795;795;880;780;100400;0,00%
02/10/2025;795;795;800;775;27900;0,00%
01/10/2025;795;785;795;770;27100;1,27%
30/09/2025;785;770;790;770;14400;1,95%
29/09/2025;770;765;780;760;13900;0,65%
26/09/2025;765;760;770;755;70800;0,66%
25/09/2025;760;750;760;735;41000;3,40%
24/09/2025;735;760;760;725;7000;-2,65%
23/09/2025;755;755;765;720;38000;0,67%
22/09/2025;750;730;765;730;95600;2,74%
19/09/2025;730;735;735;720;15500;-0,68%
18/09/2025;735;750;770;720;45600;1,38%
17/09/2025;725;740;755;725;31300;-2,03%
16/09/2025;740;740;740;725;12800;0,00%
15/09/2025;740;740;750;725;77700;0,68%
12/09/2025;735;740;765;730;19500;0,68%
11/09/2025;730;735;770;725;89500;-0,68%
10/09/2025;735;775;775;735;4200;-1,34%
09/09/2025;745;740;760;730;18300;0,00%
08/09/2025;745;760;760;710;156700;-1,97%
04/09/2025;760;755;760;755;33400;0,66%
03/09/2025;755;770;775;755;10300;-0,66%
02/09/2025;760;765;770;760;25400;-0,65%
01/09/2025;765;740;765;725;52100;3,38%
29/08/2025;740;750;775;740;26500;-1,99%
28/08/2025;755;745;770;715;317100;1,34%
27/08/2025;745;755;770;710;200300;-1,32%
26/08/2025;755;755;755;745;5800;0,00%
25/08/2025;755;755;755;745;31500;0,00%
22/08/2025;755;750;760;745;89200;1,34%
21/08/2025;745;730;755;715;20800;2,76%
20/08/2025;725;730;740;725;31700;0,00%
19/08/2025;725;705;750;700;28700;2,84%
15/08/2025;705;730;735;700;7300;-3,42%
14/08/2025;730;755;755;725;19700;-3,31%
13/08/2025;755;700;795;695;68900;7,86%
12/08/2025;700;700;710;690;8700;0,72%
11/08/2025;695;690;695;690;1100;0,72%
08/08/2025;690;685;695;680;12500;-0,72%
07/08/2025;695;700;700;685;4100;2,21%
06/08/2025;680;705;705;680;2800;-2,16%
05/08/2025;695;690;695;680;2400;0,72%
04/08/2025;690;695;705;685;6000;-1,43%
01/08/2025;700;700;700;685;1300;0,72%
31/07/2025;695;710;710;685;7400;-1,42%
30/07/2025;705;705;705;705;3300;0,00%
29/07/2025;705;680;710;680;7400;3,68%
28/07/2025;680;690;690;680;10800;-1,45%
25/07/2025;690;690;690;680;1600;0,73%
24/07/2025;685;690;690;685;1600;-0,72%
23/07/2025;690;685;700;675;4300;0,73%
22/07/2025;685;690;725;685;13800;0,74%
21/07/2025;680;695;695;680;27500;0,00%
18/07/2025;680;690;695;660;7300;-1,45%
17/07/2025;690;690;695;690;7600;2,22%
16/07/2025;675;700;720;670;5800;0,75%
15/07/2025;670;690;690;670;1800;-2,19%
14/07/2025;685;690;690;685;1000;-0,72%
11/07/2025;690;700;700;690;17100;0,00%
10/07/2025;690;690;690;655;21000;-0,72%
09/07/2025;695;680;700;680;83700;2,21%
08/07/2025;680;685;685;680;109600;-0,73%
07/07/2025;685;685;700;680;53100;-2,14%
04/07/2025;700;680;730;680;4400;2,94%
03/07/2025;680;685;685;680;14600;0,00%
02/07/2025;680;680;685;680;5200;-0,73%
01/07/2025;685;680;705;680;13000;0,74%
30/06/2025;680;685;700;640;54200;0,00%
26/06/2025;680;670;830;640;489800;-1,45%
25/06/2025;690;665;715;660;147000;-3,50%
24/06/2025;715;615;725;615;48600;15,32%
23/06/2025;620;630;630;615;6500;-1,59%
20/06/2025;630;615;645;610;27400;-3,82%
19/06/2025;655;660;670;615;15200;-0,76%
18/06/2025;660;680;680;660;9300;-1,49%
17/06/2025;670;685;685;670;2100;-2,19%
16/06/2025;685;675;685;660;2400;1,48%
13/06/2025;675;680;680;675;6200;-1,46%
12/06/2025;685;670;685;650;12900;0,00%
11/06/2025;685;690;690;670;30600;-0,72%
10/06/2025;690;670;695;670;56700;2,99%
05/06/2025;670;690;700;660;89000;0,75%
04/06/2025;665;680;680;660;35700;-2,21%
03/06/2025;680;685;685;650;27100;-0,73%
02/06/2025;685;670;770;665;265800;2,24%
28/05/2025;670;680;680;655;79600;-0,74%
27/05/2025;675;685;690;650;171400;-2,17%
26/05/2025;690;675;835;670;197800;2,22%
23/05/2025;675;670;690;650;34000;0,75%
22/05/2025;670;680;685;650;8000;-2,19%
21/05/2025;685;680;690;665;10700;0,74%
20/05/2025;680;675;690;670;5600;0,74%
19/05/2025;675;640;680;630;36900;1,50%
16/05/2025;665;660;695;600;107600;0,76%
15/05/2025;660;665;720;640;228900;0,76%
14/05/2025;655;645;670;635;35800;0,77%
09/05/2025;650;615;670;615;46700;0,00%
08/05/2025;650;670;675;650;110400;-2,99%
07/05/2025;670;675;680;640;128900;-0,74%
06/05/2025;675;675;680;665;16400;0,00%
05/05/2025;675;680;680;655;112900;-0,74%
02/05/2025;680;680;685;650;154300;-0,73%
30/04/2025;685;685;710;660;93600;0,00%
29/04/2025;685;670;720;670;24400;2,24%
28/04/2025;670;650;730;635;191500;3,08%
25/04/2025;650;640;730;620;92700;0,78%
24/04/2025;645;630;685;595;87500;2,38%
23/04/2025;630;655;740;610;170700;-4,55%
22/04/2025;660;670;690;620;46200;-1,49%
21/04/2025;670;720;730;650;79100;-6,94%
17/04/2025;720;610;740;600;185300;18,03%
16/04/2025;610;610;610;605;5200;0,00%
15/04/2025;610;605;610;605;6500;0,00%
14/04/2025;610;625;630;605;82100;-2,40%
11/04/2025;625;630;630;625;900;3,31%
10/04/2025;605;605;605;605;1100;0,00%
09/04/2025;605;590;610;515;37400;2,54%
08/04/2025;590;635;635;590;23800;-7,09%
27/03/2025;635;625;635;625;7700;1,60%
26/03/2025;625;625;625;600;20400;0,00%
25/03/2025;625;625;625;625;13500;0,00%
24/03/2025;625;600;625;505;60700;0,00%
21/03/2025;625;630;630;610;1200;2,46%
20/03/2025;610;620;630;610;236400;-1,61%
19/03/2025;620;635;635;610;13400;-2,36%
18/03/2025;635;620;635;610;8700;2,42%
17/03/2025;620;615;630;615;1000;-1,59%
14/03/2025;630;645;650;615;9400;-2,33%
13/03/2025;645;635;645;620;1200;0,78%
12/03/2025;640;620;650;615;14700;-0,78%
11/03/2025;645;625;645;625;1300;0,00%
10/03/2025;645;650;650;610;9800;-0,77%
07/03/2025;650;650;650;650;600;-1,52%
06/03/2025;660;665;665;660;900;-0,75%
05/03/2025;665;640;665;585;306400;4,72%
04/03/2025;635;640;640;560;3800;-0,78%
03/03/2025;640;650;650;500;7800;-1,54%
28/02/2025;650;640;650;640;1200;0,78%
27/02/2025;645;640;685;640;150800;0,78%
26/02/2025;640;685;685;635;1300;-6,57%
25/02/2025;685;685;685;685;3700;0,00%
24/02/2025;685;685;685;685;300;3,01%
21/02/2025;665;655;680;655;2400;1,53%
20/02/2025;655;675;675;650;9500;-2,96%
19/02/2025;675;670;675;655;8800;0,75%
18/02/2025;670;665;670;660;11200;0,75%
17/02/2025;665;665;665;665;2300;0,00%
14/02/2025;665;690;690;600;6500;-3,62%
13/02/2025;690;675;690;675;800;2,22%
12/02/2025;675;685;685;675;2300;-1,46%
11/02/2025;685;685;685;660;500;0,00%
10/02/2025;685;685;685;650;4500;0,00%
07/02/2025;685;675;685;670;4100;1,48%
06/02/2025;675;685;685;675;3300;-1,46%
05/02/2025;685;670;710;670;10100;3,01%
04/02/2025;665;710;710;665;45700;0,76%
03/02/2025;660;675;720;650;39800;-2,22%
31/01/2025;675;700;705;660;46000;-3,57%
30/01/2025;700;660;720;655;63400;6,06%
24/01/2025;660;655;685;655;66900;0,76%
23/01/2025;655;685;685;645;6200;-3,68%
22/01/2025;680;670;680;670;4200;0,74%
21/01/2025;675;675;680;670;6200;-0,74%
20/01/2025;680;675;690;655;194200;0,74%
17/01/2025;675;675;675;670;2800;0,00%
16/01/2025;675;655;700;620;423200;3,05%
15/01/2025;655;665;665;645;11200;5,65%
14/01/2025;620;605;670;605;3700;-2,36%
13/01/2025;635;645;670;600;17300;-1,55%
10/01/2025;645;645;645;645;1400;0,78%
09/01/2025;640;665;665;630;4700;-3,03%
08/01/2025;660;690;690;630;9000;3,13%
07/01/2025;640;655;695;610;37500;-2,29%
06/01/2025;655;650;655;615;4400;0,77%
03/01/2025;650;670;670;635;5600;0,78%
02/01/2025;645;650;650;630;1800;1,57%
30/12/2024;635;635;635;635;4200;0,00%
27/12/2024;635;675;675;615;40900;-3,79%
24/12/2024;660;615;665;610;168700;7,32%
23/12/2024;615;625;625;615;9900;-1,60%
20/12/2024;625;625;625;625;14500;-0,79%
19/12/2024;630;635;655;625;7600;-0,79%
18/12/2024;635;670;670;630;19400;-5,22%
17/12/2024;670;670;670;650;9200;3,08%
16/12/2024;650;665;670;645;39400;-2,26%
13/12/2024;665;650;665;635;20600;3,10%
12/12/2024;645;645;675;635;424200;0,00%
11/12/2024;645;650;655;605;38200;-0,77%
10/12/2024;650;605;650;605;338400;3,17%
09/12/2024;630;635;635;605;27800;-0,79%
06/12/2024;635;665;665;630;30700;-4,51%
05/12/2024;665;670;670;630;20700;-0,75%
04/12/2024;670;625;700;615;85300;7,20%
03/12/2024;625;630;760;580;431300;2,46%
02/12/2024;610;635;640;600;28900;-7,58%
29/11/2024;660;690;690;655;35000;-4,35%
28/11/2024;690;690;700;690;2800;0,00%
26/11/2024;690;695;695;690;1200;-0,72%
25/11/2024;695;690;695;685;37900;0,72%
22/11/2024;690;690;690;685;10000;0,00%
21/11/2024;690;700;725;685;28500;-0,72%
20/11/2024;695;685;695;680;1300;1,46%
19/11/2024;685;685;700;680;25800;0,00%
18/11/2024;685;690;690;685;30300;-0,72%
15/11/2024;690;690;690;690;500;0,73%
14/11/2024;685;700;700;685;4800;-1,44%
13/11/2024;695;690;695;690;700;0,00%
12/11/2024;695;695;700;690;5100;0,00%
11/11/2024;695;685;695;685;8600;0,72%
08/11/2024;690;695;710;690;27600;-0,72%
07/11/2024;695;685;695;685;16200;0,72%
06/11/2024;690;695;695;690;5900;0,00%
05/11/2024;690;695;695;690;43700;-0,72%
04/11/2024;695;695;695;690;4900;0,00%
01/11/2024;695;695;695;690;3200;0,00%
31/10/2024;695;715;715;690;17500;0,00%
30/10/2024;695;690;695;690;14700;0,72%
29/10/2024;690;685;690;685;16800;0,00%
28/10/2024;690;690;690;685;18700;0,00%
25/10/2024;690;685;710;685;4300;0,00%
24/10/2024;690;695;695;690;27100;-0,72%
23/10/2024;695;695;710;695;18600;0,00%
22/10/2024;695;700;710;690;32200;0,00%
21/10/2024;695;690;710;690;14800;0,00%
18/10/2024;695;685;695;685;5900;1,46%
17/10/2024;685;690;700;685;25700;-0,72%
16/10/2024;690;685;735;685;147100;0,73%
15/10/2024;685;695;695;675;103400;1,48%
14/10/2024;675;675;680;670;26900;0,00%
11/10/2024;675;680;680;670;12000;0,00%
10/10/2024;675;675;680;670;11100;0,75%
09/10/2024;670;675;680;670;13900;0,00%
08/10/2024;670;670;675;670;14000;0,75%
07/10/2024;665;665;680;665;59600;0,00%
04/10/2024;665;675;675;665;13100;-1,48%
03/10/2024;675;665;675;665;15300;1,50%
02/10/2024;665;665;680;665;58300;0,00%
01/10/2024;665;675;675;665;32200;-0,75%
30/09/2024;670;670;680;665;26200;0,00%
27/09/2024;670;665;670;660;38700;0,75%
26/09/2024;665;665;670;660;7400;-0,75%
25/09/2024;670;655;670;655;38900;0,00%
24/09/2024;670;655;670;655;35500;2,29%
23/09/2024;655;685;685;650;23700;0,00%
20/09/2024;655;700;700;655;33700;-2,24%
19/09/2024;670;670;670;665;47800;0,75%
18/09/2024;665;660;670;660;10000;1,53%
17/09/2024;655;650;695;650;50400;0,77%
13/09/2024;650;665;675;650;6300;-2,26%
12/09/2024;665;655;670;655;25900;0,00%
11/09/2024;665;665;665;660;18200;0,76%
10/09/2024;660;670;670;660;36800;-1,49%
09/09/2024;670;675;685;665;18100;0,00%
06/09/2024;670;695;700;665;52500;0,75%
05/09/2024;665;655;665;655;31200;2,31%
04/09/2024;650;650;660;650;12000;-0,76%
03/09/2024;655;660;660;655;12500;0,00%
02/09/2024;655;660;660;635;20700;-0,76%
30/08/2024;660;635;660;635;5500;0,00%
29/08/2024;660;665;665;645;15000;0,00%
28/08/2024;660;650;660;640;19000;1,54%
27/08/2024;650;660;660;645;70100;-1,52%
26/08/2024;660;660;665;660;18600;0,00%
23/08/2024;660;665;665;640;10200;-0,75%
22/08/2024;665;670;670;635;31200;-0,75%
21/08/2024;670;665;765;650;102200;1,52%
20/08/2024;660;660;665;660;29300;0,76%
19/08/2024;655;660;660;655;7400;0,00%
16/08/2024;655;660;660;655;9100;-0,76%
15/08/2024;660;660;660;650;20600;1,54%
14/08/2024;650;660;660;650;15200;0,00%
13/08/2024;650;635;650;635;3100;2,36%
12/08/2024;635;640;645;635;4900;-0,78%
09/08/2024;640;650;650;635;2000;-1,54%
08/08/2024;650;640;650;625;2300;0,78%
07/08/2024;645;645;645;645;2400;1,57%
06/08/2024;635;630;650;630;1900;0,79%
05/08/2024;630;655;655;625;8400;-3,82%
02/08/2024;655;665;665;655;18400;-0,76%
01/08/2024;660;665;665;660;11200;-0,75%
31/07/2024;665;655;665;655;9700;1,53%
30/07/2024;655;655;660;650;32200;0,00%
29/07/2024;655;660;665;655;34600;-0,76%
26/07/2024;660;650;660;650;7800;1,54%
25/07/2024;650;670;670;650;63400;-2,26%
24/07/2024;665;655;665;635;43600;1,53%
23/07/2024;655;665;665;645;74000;-1,50%
22/07/2024;665;665;665;660;21900;-0,75%
19/07/2024;670;670;670;660;71900;0,00%
18/07/2024;670;670;675;665;29000;0,00%
17/07/2024;670;670;675;665;49900;0,00%
16/07/2024;670;675;675;670;14700;0,00%
15/07/2024;670;675;675;670;15700;-0,74%
12/07/2024;675;675;675;670;48600;0,00%
11/07/2024;675;675;675;670;44300;0,75%
10/07/2024;670;680;680;670;18400;0,00%
09/07/2024;670;680;680;665;45400;-1,47%
08/07/2024;680;690;690;665;143400;-1,45%
05/07/2024;690;695;695;665;55500;-0,72%
04/07/2024;695;690;695;690;19100;0,72%
03/07/2024;690;695;695;685;46500;-0,72%
02/07/2024;695;680;775;680;246400;2,96%
01/07/2024;675;690;695;650;25900;-1,46%
28/06/2024;685;680;710;680;63400;2,24%
27/06/2024;670;685;685;670;26000;-0,74%
26/06/2024;675;695;695;675;24800;-2,88%
25/06/2024;695;695;710;685;20600;0,00%
24/06/2024;695;665;715;665;129600;5,30%
21/06/2024;660;620;680;620;57000;6,45%
20/06/2024;620;620;710;590;363000;2,48%
19/06/2024;605;675;675;605;152700;-10,37%
14/06/2024;675;695;720;665;47200;-2,88%
13/06/2024;695;695;725;655;47000;0,00%
12/06/2024;695;705;705;605;155400;-1,42%
11/06/2024;705;715;715;680;38400;-0,70%
10/06/2024;710;690;745;685;133000;2,90%
07/06/2024;690;760;765;610;321700;-9,80%
06/06/2024;765;750;840;750;832900;2,00%
05/06/2024;750;600;750;600;671500;25,00%
04/06/2024;600;575;620;575;49800;4,35%
03/06/2024;575;575;615;560;312300;0,00%
31/05/2024;575;510;630;510;125400;13,86%
30/05/2024;505;505;505;505;1800;0,00%
29/05/2024;505;500;505;500;13600;1,00%
28/05/2024;500;500;500;500;13300;0,00%
27/05/2024;500;500;500;500;11500;0,40%
22/05/2024;498;498;498;498;2000;0,00%
21/05/2024;498;498;498;498;100;-0,40%
20/05/2024;500;500;500;500;200;0,00%
17/05/2024;500;500;500;500;900;0,00%
16/05/2024;500;500;500;500;100;0,00%
15/05/2024;500;498;500;498;11800;0,40%
14/05/2024;498;498;498;498;7300;0,00%
13/05/2024;498;500;500;498;300;0,00%
08/05/2024;498;496;498;496;1300;0,40%
07/05/2024;496;496;496;496;900;0,00%
06/05/2024;496;496;496;496;200;0,00%
03/05/2024;496;498;498;496;900;0,00%
02/05/2024;496;496;496;496;1100;-0,40%
30/04/2024;498;494;498;494;600;0,81%
29/04/2024;494;494;494;494;1100;0,00%
26/04/2024;494;494;494;494;500;0,41%
24/04/2024;492;490;492;490;52700;0,41%
23/04/2024;490;490;490;490;100;-0,41%
22/04/2024;492;492;492;492;800;0,00%
19/04/2024;492;492;492;492;300;0,00%
18/04/2024;492;492;492;492;1500;0,00%
17/04/2024;492;492;492;492;2600;0,00%
16/04/2024;492;492;492;492;500;0,00%
05/04/2024;492;492;492;492;400;0,00%
04/04/2024;492;490;492;490;11600;0,41%
03/04/2024;490;490;490;490;700;0,00%
02/04/2024;490;490;490;490;5800;0,00%
01/04/2024;490;488;490;488;1900;0,41%
28/03/2024;488;488;488;486;7600;0,00%
27/03/2024;488;490;492;488;2200;-0,41%
26/03/2024;490;496;496;490;4100;-1,21%
25/03/2024;496;496;496;496;1000;0,00%
22/03/2024;496;496;496;496;4300;0,00%
21/03/2024;496;496;496;496;4300;-0,80%
20/03/2024;500;490;500;490;123000;2,04%
19/03/2024;490;490;490;490;500;-0,81%
18/03/2024;494;494;494;494;9800;-0,40%
15/03/2024;496;496;496;496;2400;0,00%
14/03/2024;496;496;496;496;1000;-0,40%
13/03/2024;498;498;498;498;600;0,00%
08/03/2024;498;498;498;498;1900;-0,40%
07/03/2024;500;500;500;500;2600;0,00%
06/03/2024;500;500;500;500;700;0,40%
05/03/2024;498;498;498;498;1000;-0,40%
04/03/2024;500;500;500;500;400;0,00%
01/03/2024;500;494;500;494;2600;1,21%
28/02/2024;494;486;494;486;41400;1,23%
27/02/2024;488;488;488;488;3000;0,00%
26/02/2024;488;488;488;488;29400;-0,41%
23/02/2024;490;490;490;490;1900;0,00%
22/02/2024;490;490;490;490;100;0,00%
21/02/2024;490;490;490;490;20100;-0,41%
20/02/2024;492;492;492;492;100;0,00%
19/02/2024;492;496;496;492;2100;-0,81%
16/02/2024;496;496;496;496;1100;-0,40%
15/02/2024;498;498;498;498;300;0,00%
13/02/2024;498;498;498;498;100;-0,40%
12/02/2024;500;462;500;462;30100;8,70%
07/02/2024;460;460;460;460;1100;0,00%
06/02/2024;460;460;460;460;1100;0,44%
05/02/2024;458;458;458;458;4600;0,00%
02/02/2024;458;458;458;458;1800;0,00%
01/02/2024;458;458;458;458;3300;0,00%
31/01/2024;458;458;458;458;3200;0,00%
30/01/2024;458;458;458;458;6400;0,00%
29/01/2024;458;458;458;458;10800;0,00%
26/01/2024;458;458;458;458;2300;-0,43%
25/01/2024;460;460;460;460;1700;0,00%
24/01/2024;460;462;462;460;4200;-0,43%
23/01/2024;462;462;462;462;1300;0,00%
22/01/2024;462;462;462;462;6000;0,00%
19/01/2024;462;462;462;462;7100;0,00%
18/01/2024;462;462;462;462;5100;0,00%
17/01/2024;462;464;464;462;23400;-1,70%
16/01/2024;470;476;476;470;58100;-1,67%
15/01/2024;478;480;480;478;20800;-1,24%
12/01/2024;484;486;486;484;3500;-0,82%
11/01/2024;488;488;488;488;9800;-0,41%
10/01/2024;490;490;490;490;5100;0,00%
09/01/2024;490;490;490;490;3000;0,00%
08/01/2024;490;490;490;490;6200;0,00%
05/01/2024;490;490;490;490;22900;0,00%
04/01/2024;490;490;490;490;36300;-2,00%
03/01/2024;500;500;500;500;2000;0,00%
02/01/2024;500;500;500;500;6200;0,00%
29/12/2023;500;500;500;500;25800;0,00%
28/12/2023;500;500;500;500;33100;0,00%
27/12/2023;500;500;500;500;3700;0,00%
22/12/2023;500;500;500;500;1600;0,00%
21/12/2023;500;500;500;500;5600;0,00%
19/12/2023;500;500;500;500;6700;0,40%
18/12/2023;498;498;498;498;5000;0,00%
15/12/2023;498;500;500;498;1500;-0,40%
14/12/2023;500;500;500;500;2200;0,00%
13/12/2023;500;500;500;500;20000;-3,85%
12/12/2023;520;525;525;520;7400;-1,89%
11/12/2023;530;530;530;530;4000;-0,93%
08/12/2023;535;540;540;535;8100;-0,93%
07/12/2023;540;540;540;540;38500;-0,92%
06/12/2023;545;550;550;545;11600;-2,68%
05/12/2023;560;565;565;560;2600;-1,75%
04/12/2023;570;570;570;570;1500;-0,87%
01/12/2023;575;575;575;575;4800;-0,86%
30/11/2023;580;580;580;580;2300;0,00%
29/11/2023;580;580;580;580;4300;-0,85%
28/11/2023;585;585;585;585;10600;0,00%
27/11/2023;585;585;585;585;13500;0,00%
24/11/2023;585;585;585;585;10300;0,00%
23/11/2023;585;585;585;585;32800;9,35%
22/11/2023;535;535;535;535;12600;0,00%
21/11/2023;535;535;535;535;10200;-1,83%
20/11/2023;545;550;550;545;38100;-4,39%
17/11/2023;570;570;570;570;45100;-2,56%
16/11/2023;585;590;590;585;21900;-1,68%
15/11/2023;595;600;600;595;21200;-0,83%
14/11/2023;600;600;600;600;42800;0,00%
13/11/2023;600;600;600;600;106500;6,19%
10/11/2023;565;565;565;565;28000;0,00%
09/11/2023;565;565;565;565;72000;0,00%
08/11/2023;565;565;565;565;23000;0,00%
07/11/2023;565;570;570;565;2000;6,60%
01/11/2023;530;530;530;530;2000;-0,47%
30/10/2023;533;533;533;533;1000;-0,47%
25/10/2023;535;535;535;535;1000;0,00%
24/10/2023;535;535;535;535;5000;-0,47%
18/10/2023;538;538;538;538;21000;-0,46%
17/10/2023;540;540;540;540;41000;0,00%
16/10/2023;540;540;540;540;3000;-0,46%
12/10/2023;543;545;545;543;25000;0,00%
11/10/2023;543;545;545;543;11000;-0,91%
10/10/2023;548;548;548;548;30000;-0,45%
09/10/2023;550;550;550;550;24000;0,00%
06/10/2023;550;550;550;550;2000;0,00%
05/10/2023;550;550;550;550;3000;0,00%
03/10/2023;550;550;550;550;13000;0,00%
02/10/2023;550;553;553;550;5000;-0,90%
29/09/2023;555;555;555;555;1000;0,00%
27/09/2023;555;555;555;555;7000;0,00%
26/09/2023;555;555;555;555;129000;9,90%
25/09/2023;505;505;505;505;4000;1,00%
22/09/2023;500;500;500;500;17000;0,00%
21/09/2023;500;500;500;500;24000;2,88%
20/09/2023;486;475;486;475;20000;0,21%
19/09/2023;485;485;485;485;3000;0,00%
15/09/2023;485;485;485;485;12000;0,00%
12/09/2023;485;485;485;485;4000;0,00%
11/09/2023;485;485;485;485;4000;0,00%
08/09/2023;485;485;485;485;3000;0,62%
06/09/2023;482;482;482;482;1000;0,00%
30/08/2023;482;482;482;482;1000;0,00%
28/08/2023;482;482;482;482;1000;0,00%
24/08/2023;482;482;482;482;1000;0,00%
22/08/2023;482;482;482;482;1000;0,00%
21/08/2023;482;482;482;482;1000;0,00%
08/08/2023;482;482;482;482;3000;0,00%
07/08/2023;482;482;482;482;3000;-0,21%
01/08/2023;483;484;484;483;12000;-0,41%
31/07/2023;485;486;486;485;3000;-0,21%
28/07/2023;486;486;486;486;1000;0,00%
27/07/2023;486;486;486;486;1000;0,00%
26/07/2023;486;486;486;486;3000;0,00%
25/07/2023;486;486;486;486;7000;0,00%
24/07/2023;486;486;486;486;5000;0,00%
21/07/2023;486;486;486;486;2000;0,21%
20/07/2023;485;485;485;485;2000;0,00%
18/07/2023;485;485;485;485;10000;0,00%
17/07/2023;485;485;485;485;4000;-2,02%
14/07/2023;495;495;495;495;2000;-0,20%
12/07/2023;496;496;496;496;1000;-0,40%
11/07/2023;498;498;498;498;1000;0,00%
06/07/2023;498;498;498;498;6000;0,00%
05/07/2023;498;498;498;498;3000;0,00%
04/07/2023;498;497;498;497;6000;0,40%
03/07/2023;496;496;496;496;15000;1,02%
27/06/2023;491;491;491;491;9000;0,20%
26/06/2023;490;490;490;490;1000;-1,61%
22/06/2023;498;498;498;498;1000;0,00%
21/06/2023;498;498;498;498;1000;0,00%
16/06/2023;498;498;498;498;2000;0,00%
15/06/2023;498;498;498;498;19000;0,00%
14/06/2023;498;498;498;498;5000;-0,40%
13/06/2023;500;500;500;500;1000;-0,99%
09/06/2023;505;505;505;505;2000;0,00%
08/06/2023;505;505;505;505;7000;0,00%
07/06/2023;505;505;505;505;1000;0,50%
06/06/2023;503;515;515;503;5000;-2,43%
05/06/2023;515;500;525;500;12000;1,98%
31/05/2023;505;500;505;500;7000;1,00%
30/05/2023;500;510;528;500;26000;0,00%
29/05/2023;500;505;513;500;26000;-3,85%
25/05/2023;520;520;520;520;1000;2,46%
24/05/2023;508;508;508;508;3000;0,00%
23/05/2023;508;530;530;503;16000;-0,49%
22/05/2023;510;525;535;510;6000;-1,92%
17/05/2023;520;510;520;510;6000;0,97%
16/05/2023;515;518;518;515;3000;1,98%
15/05/2023;505;525;525;503;6000;-0,98%
12/05/2023;510;505;510;500;5000;-0,49%
11/05/2023;513;518;518;500;5000;-0,97%
10/05/2023;518;530;530;503;9000;2,99%
09/05/2023;503;508;523;503;17000;-1,47%
08/05/2023;510;508;510;500;17000;0,99%
05/05/2023;505;505;505;505;1000;-0,49%
04/05/2023;508;505;510;505;4000;-2,40%
03/05/2023;520;520;520;520;1000;-0,48%
27/04/2023;523;523;523;523;1000;0,00%
26/04/2023;523;505;523;505;4000;-1,42%
18/04/2023;530;520;530;520;16000;-1,40%
17/04/2023;538;513;540;513;12000;5,91%
14/04/2023;508;508;508;508;1000;0,50%
13/04/2023;505;513;513;505;12000;-0,49%
12/04/2023;508;528;550;508;36000;-0,98%
11/04/2023;513;513;530;513;9000;0,00%
06/04/2023;513;513;513;513;1000;-1,44%
03/04/2023;520;520;520;520;5000;0,00%
28/03/2023;520;520;520;520;1000;0,00%
17/03/2023;520;520;520;520;3000;0,00%
16/03/2023;520;520;520;520;2000;0,00%
15/03/2023;520;520;520;520;2000;0,48%
13/03/2023;518;533;533;518;3000;-2,82%
10/03/2023;533;548;555;530;25000;-1,84%
07/03/2023;543;523;543;523;3000;0,00%
06/03/2023;543;540;560;530;24000;4,33%
03/03/2023;520;525;525;520;5000;-1,89%
02/03/2023;530;530;530;530;2000;-2,30%
01/03/2023;543;545;545;543;13000;0,00%
28/02/2023;543;518;543;518;2000;0,00%
27/02/2023;543;545;545;510;140000;0,46%
23/02/2023;540;540;540;540;3000;-0,92%
21/02/2023;545;545;545;545;1000;0,00%
20/02/2023;545;543;545;543;54000;0,46%
17/02/2023;543;543;543;543;52000;0,00%
14/02/2023;543;540;543;540;3000;0,46%
13/02/2023;540;538;540;538;2000;0,47%
10/02/2023;538;538;538;538;1000;-3,59%
09/02/2023;558;558;558;558;1000;0,00%
08/02/2023;558;535;558;535;12000;-0,45%
03/02/2023;560;538;560;538;2000;-0,44%
02/02/2023;563;563;563;563;1000;0,00%
31/01/2023;563;563;563;563;2000;0,00%
30/01/2023;563;563;563;563;2000;0,00%
27/01/2023;563;560;563;560;5000;0,00%
26/01/2023;563;563;563;563;7000;-0,44%
18/01/2023;565;565;565;565;1000;1,80%
17/01/2023;555;555;555;555;1000;-0,45%
13/01/2023;558;558;558;558;2000;0,00%
12/01/2023;558;558;558;558;1000;0,00%
11/01/2023;558;558;558;558;1000;0,00%
10/01/2023;558;555;558;555;6000;0,00%
09/01/2023;558;550;558;550;3000;-0,45%
05/01/2023;560;560;560;560;3000;1,82%
02/01/2023;550;550;550;550;3000;1,38%
